<?xml version="1.0" encoding="UTF-8" ?>
<beans xmlns="http://www.springframework.org/schema/beans"
       xmlns:xsi="http://www.w3.org/2001/XMLSchema-instance"
       xmlns:context="http://www.springframework.org/schema/context"
       xmlns:mvc="http://www.springframework.org/schema/mvc" xmlns:tx="http://www.springframework.org/schema/tx"
       xmlns:aop="http://www.springframework.org/schema/aop"
       xsi:schemaLocation="http://www.springframework.org/schema/beans http://www.springframework.org/schema/beans/spring-beans.xsd http://www.springframework.org/schema/context http://www.springframework.org/schema/context/spring-context.xsd http://www.springframework.org/schema/mvc http://www.springframework.org/schema/mvc/spring-mvc.xsd http://www.springframework.org/schema/tx http://www.springframework.org/schema/tx/spring-tx.xsd http://www.springframework.org/schema/aop http://www.springframework.org/schema/aop/spring-aop.xsd">
    <context:component-scan base-package="com.kermi.shiro.ssm" >
        <context:exclude-filter type="annotation" expression="org.springframework.stereotype.Controller"/>
    </context:component-scan>

    <!--引入数据库配置文件-->
    <context:property-placeholder location="classpath:db.properties" />

    <bean id="dataSource" class="com.mchange.v2.c3p0.ComboPooledDataSource">
        <property name="driverClass" value="${jdbc.driverClass}" />
        <property name="jdbcUrl" value="${jdbc.Url}" />
        <property name="user" value="${jdbc.user}" />
        <property name="password" value="${jdbc.password}" />
        <!--c3p0连接池私有属性-->
        <property name="maxPoolSize" value="30" />
        <property name="minPoolSize" value="10" />
        <!--关闭连接后不自动commit-->
        <property name="autoCommitOnClose" value="false" />
        <!--获取连接超时时间-->
        <property name="checkoutTimeout" value="100000" />
        <!--获取当前连接失败重试次数-->
        <property name="acquireRetryAttempts" value="2" />
    </bean>

    <!--整合mybatis-->
    <!--注入mybatis的sqlsessionfactory-->
    <bean id="sqlSessionFactoryBean" class="org.mybatis.spring.SqlSessionFactoryBean">
        <property name="dataSource" ref="dataSource" />
        <!--引入mapper文件-->
        <!--要求所有的mapper文件必须在com/sz/mapper之下-->
        <property name="mapperLocations" value="classpath:com.kermi.shiro.ssm.mapper/**/*.xml" />
        <!--<property name="configLocation" value="classpath:mybatis/**/*.xml"/>-->
        <property name="configuration">
            <bean class="org.apache.ibatis.session.Configuration">
                <!--可以加入驼峰命名，其他mybatis的配置也就是mybatis.cfg.xml的相关配置都会转移到这里来-->
                <property name="mapUnderscoreToCamelCase" value="true"/>
            </bean>
        </property>
        <!--插件配置-->
        <property name="plugins">
            <array>
                <bean class="com.github.pagehelper.PageInterceptor">
                    <property name="properties">
                        <value>
                            helperDialect=mysql
                            reasonable=true
                            supportMethodsArguments=true
                            params=count=countSql
                            autoRuntimeDialect=true
                        </value>
                    </property>
                </bean>
            </array>
        </property>
    </bean>

    <!--持久层接口-->
    <bean class="org.mybatis.spring.mapper.MapperScannerConfigurer">
        <property name="basePackage" value="com.kermi.shiro.ssm.mapper" />
        <property name="sqlSessionFactoryBeanName" value="sqlSessionFactoryBean" />
    </bean>

    <!--事务管理-->
    <bean id="transactionManager" class="org.springframework.jdbc.datasource.DataSourceTransactionManager">
        <property name="dataSource" ref="dataSource"/>
    </bean>

    <tx:advice transaction-manager="transactionManager" id="transactionAdivce">
        <!--事务处理的相关值以及它的传播性-->
        <tx:attributes>
            <tx:method name="select*" read-only="true"/>
            <tx:method name="get*" read-only="true" />
            <tx:method name="query*" read-only="true" />
            <tx:method name="delete*" propagation="REQUIRED" rollback-for="Exception" />
            <tx:method name="update*" propagation="REQUIRED" rollback-for="Exception" />
            <tx:method name="insert*" propagation="REQUIRED" rollback-for="Exception" />
            <tx:method name="add*" propagation="REQUIRED" rollback-for="Exception" />
        </tx:attributes>
    </tx:advice>

    <!--使用aop对事物管理的范围精选织入 明确几个点 1，对那些地方进行食物的管理 execution书写，明确边界
    使用什么策略去管理，策略使用tx:advice全部书写y与其中，在我们的aop的advise当中只需要去引用这个事务者的建议即可-->
    <aop:config>
        <aop:pointcut expression="execution(* com.kermi.shiro.ssm.service..*.*(..))" id="txCut"/>
        <aop:advisor advice-ref="transactionAdivce" pointcut-ref="txCut" />
    </aop:config>

    <!--采用注解进行事务配置，请在Service的实现类上加上@Transancational注解-->
    <tx:annotation-driven transaction-manager="transactionManager" />
</beans>