<?xml version="1.0" encoding="UTF-8" ?>
<beans xmlns="http://www.springframework.org/schema/beans"
       xmlns:xsi="http://www.w3.org/2001/XMLSchema-instance"
       xmlns:context="http://www.springframework.org/schema/context"
       xmlns:mvc="http://www.springframework.org/schema/mvc" xmlns:tx="http://www.springframework.org/schema/tx"
       xmlns:aop="http://www.springframework.org/schema/aop" xmlns:util="http://www.springframework.org/schema/util"
       xsi:schemaLocation="http://www.springframework.org/schema/beans http://www.springframework.org/schema/beans/spring-beans.xsd http://www.springframework.org/schema/context http://www.springframework.org/schema/context/spring-context.xsd http://www.springframework.org/schema/mvc http://www.springframework.org/schema/mvc/spring-mvc.xsd http://www.springframework.org/schema/tx http://www.springframework.org/schema/tx/spring-tx.xsd http://www.springframework.org/schema/aop http://www.springframework.org/schema/aop/spring-aop.xsd http://www.springframework.org/schema/util http://www.springframework.org/schema/util/spring-util.xsd">
    <bean id="shiroFilter" class="org.apache.shiro.spring.web.ShiroFilterFactoryBean">
        <property name="securityManager" ref="securityManager" />
        <property name="loginUrl" value="login.html" />
        <property name="unauthorizedUrl" value="403.html" />
        <property name="filterChainDefinitions">
            <value>
                /login.html = anon
                /subLogin = anon
                /testRole = roles["admin","admin1"]
                /testRole1 = rolesOr["admin","admin1"]
                /** = authc
            </value>
        </property>
        <property name="filters">
            <util:map>
                <entry key="rolesOr" value-ref="rolesOrFilter" />
            </util:map>
        </property>
    </bean>

    <bean class="com.kermi.shiro.ssm.filter.RolesOrFilter" id="rolesOrFilter">

    </bean>
    <!--创建SecurityManager对象-->
    <bean class="org.apache.shiro.web.mgt.DefaultWebSecurityManager" id="securityManager">
        <property name="realm" ref="realm" />
        <property name="sessionManager" ref="sessionManager"/>
        <property name="cacheManager" ref="cacheManager" />
        <property name="rememberMeManager" ref="cookieRememberMeManager" />
    </bean>

    <bean class="com.kermi.shiro.ssm.shiro.realm.CustomRealm" id="realm">
        <property name="credentialsMatcher" ref="credentialsMatcher" />
    </bean>

    <bean class="org.apache.shiro.authc.credential.HashedCredentialsMatcher" id="credentialsMatcher">
        <property name="hashAlgorithmName" value="md5" />
        <property name="hashIterations" value="1"/>
    </bean>

    <bean class="com.kermi.shiro.ssm.cache.RedisCacheManager" id="cacheManager"/>

    <bean class="com.kermi.shiro.ssm.session.CustomSessionManager" id="sessionManager">
        <property name="sessionDAO" ref="redisSessionDao"/>
    </bean>

    <bean class="org.apache.shiro.web.mgt.CookieRememberMeManager" id="cookieRememberMeManager">
        <property name="cookie" ref="cookie" />
    </bean>

    <bean class="org.apache.shiro.web.servlet.SimpleCookie" id="cookie">
        <constructor-arg value="remeberMe" />
        <property name="maxAge" value="20000000" />
    </bean>

    <bean class="com.kermi.shiro.ssm.session.RedisSessionDao" id="redisSessionDao"></bean>
</beans>