<?xml version="1.0" encoding="UTF-8" ?>
<beans xmlns="http://www.springframework.org/schema/beans"
       xmlns:xsi="http://www.w3.org/2001/XMLSchema-instance"
       xmlns:p="http://www.springframework.org/schema/p"
       xmlns:context="http://www.springframework.org/schema/context"
       xmlns:mvc="http://www.springframework.org/schema/mvc"
       xmlns:task="http://www.springframework.org/schema/task" xmlns:aop="http://www.springframework.org/schema/aop"
       xsi:schemaLocation="http://www.springframework.org/schema/beans
        http://www.springframework.org/schema/beans/spring-beans-4.2.xsd
        http://www.springframework.org/schema/context
        http://www.springframework.org/schema/context/spring-context-4.2.xsd
        http://www.springframework.org/schema/mvc
        http://www.springframework.org/schema/mvc/spring-mvc-4.2.xsd
        http://www.springframework.org/schema/task
        http://www.springframework.org/schema/task/spring-task-4.2.xsd http://www.springframework.org/schema/aop http://www.springframework.org/schema/aop/spring-aop.xsd">
    <context:component-scan base-package="com.kermi.shiro.ssm.controller"/>


    <bean class="org.springframework.web.servlet.view.InternalResourceViewResolver">
        <!-- 配置从项目根目录到指定目录一端路径 ,建议指定浅一点的目录-->
        <property name="prefix" value="/jsp/" />
        <!-- 文件的后缀名 -->
        <property name="suffix" value=".jsp" />
    </bean>

    <!--<bean id="commonsMultipartResolver" class="org.springframework.web.multipart.commons.CommonsMultipartResolver">-->
        <!--<property name="maxUploadSize" value="1020000000" />-->
        <!--<property name="defaultEncoding" value="UTF-8" />-->
        <!--<property name="maxUploadSizePerFile" value="2000000000" />-->
    <!--</bean>-->

    <mvc:default-servlet-handler />
    <mvc:annotation-driven/>
    <mvc:resources mapping="/*" location="/" />

    <aop:config proxy-target-class="true" />
    <bean class="org.apache.shiro.spring.LifecycleBeanPostProcessor">

    </bean>
    <bean class="org.apache.shiro.spring.security.interceptor.AuthorizationAttributeSourceAdvisor">
        <property name="securityManager" ref="securityManager"/>
    </bean>
</beans>